available_at,close,volume
2026-01-01T00:00:00Z,100,1000
2026-01-02T00:00:00Z,101,1010
2026-01-03T00:00:00Z,102,1020
2026-01-04T00:00:00Z,103,1030
2026-01-05T00:00:00Z,104,1040
2026-01-06T00:00:00Z,105,1050
2026-01-07T00:00:00Z,106,1060
2026-01-08T00:00:00Z,107,1070
2026-01-09T00:00:00Z,108,1080
2026-01-10T00:00:00Z,109,1090
2026-01-11T00:00:00Z,110,1100
2026-01-12T00:00:00Z,111,1110
2026-01-13T00:00:00Z,112,1120
2026-01-14T00:00:00Z,113,1130
2026-01-15T00:00:00Z,114,1140
2026-01-16T00:00:00Z,115,1150
2026-01-17T00:00:00Z,116,1160
2026-01-18T00:00:00Z,117,1170
2026-01-19T00:00:00Z,118,1180
2026-01-20T00:00:00Z,119,1190
2026-01-21T00:00:00Z,120,1200
2026-01-22T00:00:00Z,121,1210
2026-01-23T00:00:00Z,122,1220
2026-01-24T00:00:00Z,123,1230
2026-01-25T00:00:00Z,124,1240
